Section No.;;;;Sectional Areas [cm^2 ];;;Area Moments of Inertia [cm^4 ];;;Principal Axes;;Overall Dimensions [mm];;
;Section Name;Assigned to Members No.;Material;Axial A;Shear A_y;Shear A_z;Torsion J;Bending I_y;Bending I_z;α [deg];Options;Width b;Depth h;Comment
1;IPE 500;10-33,84-89,91,94,96,98,100,109-118,120,122,123,136-147,162-173;1 - S235 | Isotropic | Linear Elastic;115.5;53.746829528546904;47.79341604110013;88.62;48199;2142;0;;200;500;
2;HEA 160;1,6-9,34,39-42;1 - S235 | Isotropic | Linear Elastic;38.77;24.099187588551267;7.798112998834026;11.84;1673;615.6;0;;160;152;
3;HEA 140;2-5,35-38,188-199,214-225;1 - S235 | Isotropic | Linear Elastic;31.42;19.916109910066815;6.232904677752004;8.032;1033;389.29999999999995;0;;140;133;
4;Z 232Z23;90,92,93,95,97,99,101-108,119,121,124-135,148-161,174-187,200-213;1 - S235 | Isotropic | Linear Elastic;8.550000000000002;1.985571569291087;4.907039951997224;0.149044565088206;671.7361022037603;25.546721769669677;-11.860858;;122.7;232.00000000000003;
5;L 60x60x6;68-83;1 - S235 | Isotropic | Linear Elastic;6.909;2.936075758864832;2.853189880330093;0.9014;36.14;9.441;-45;;60;60;
6;CHS 60.3x5;43,45-48,50-53,55-58,60-63,65-67;1 - S235 | Isotropic | Linear Elastic;8.686503687176351;4.403019125744434;4.403019125744434;66.95318163224134;33.47659081612067;33.47659081612067;0;;60.3;60.3;
7;CHS 101.6x5;44,49,54,59,64;1 - S235 | Isotropic | Linear Elastic;15.173892516839697;7.625105588650754;7.625105588650754;354.93858941840404;177.46929470920202;177.46929470920202;0;;101.6;101.6;
